{
  "hash": "d4e89fb4",
  "configHash": "c53991cd",
  "lockfileHash": "9e1b157f",
  "browserHash": "92d7b414",
  "optimized": {
    "@angular/core": {
      "src": "../../../../../node_modules/@angular/core/fesm2022/core.mjs",
      "file": "@angular_core.js",
      "fileHash": "e794298d",
      "needsInterop": false
    },
    "@angular/platform-browser": {
      "src": "../../../../../node_modules/@angular/platform-browser/fesm2022/platform-browser.mjs",
      "file": "@angular_platform-browser.js",
      "fileHash": "59ecd037",
      "needsInterop": false
    },
    "@angular/router": {
      "src": "../../../../../node_modules/@angular/router/fesm2022/router.mjs",
      "file": "@angular_router.js",
      "fileHash": "1a033891",
      "needsInterop": false
    },
    "@angular/forms": {
      "src": "../../../../../node_modules/@angular/forms/fesm2022/forms.mjs",
      "file": "@angular_forms.js",
      "fileHash": "c50f7166",
      "needsInterop": false
    }
  },
  "chunks": {
    "chunk-HWVUZMCM": {
      "file": "chunk-HWVUZMCM.js"
    },
    "chunk-5FH5KMWM": {
      "file": "chunk-5FH5KMWM.js"
    },
    "chunk-P6BN7I6E": {
      "file": "chunk-P6BN7I6E.js"
    }
  }
}